{
    "AVM003": {
        "EXCH_etoh_e": {
            "min": 0.0,
            "max": 8.614216739443275
        },
        "EXCH_ac_e": {
            "min": 0.0,
            "max": 8.614216739443266
        },
        "EXCH_for_e": {
            "min": 0.0,
            "max": 12.186162317942092
        },
        "EXCH_pyr_e": {
            "min": 0.0,
            "max": 7.829509676422412
        },
        "EXCH_mal__L_e": {
            "min": 0.0,
            "max": 5.023502274740604
        },
        "EXCH_lac__L_e": {
            "min": 0.0,
            "max": 7.8295096764222905
        }
    },
    "AVM008": {
        "EXCH_etoh_e": {
            "min": 0.0,
            "max": 8.318886420240508
        },
        "EXCH_ac_e": {
            "min": 0.0,
            "max": 8.31888642024051
        },
        "EXCH_for_e": {
            "min": 0.0,
            "max": 11.645923848583882
        },
        "EXCH_pyr_e": {
            "min": 0.0,
            "max": 7.2272034295222936
        },
        "EXCH_mal__L_e": {
            "min": 0.0,
            "max": 4.763863153694179
        },
        "EXCH_lac__L_e": {
            "min": 0.0,
            "max": 7.227203429522829
        }
    },
    "AVM051": {
        "EXCH_etoh_e": {
            "min": 0.0,
            "max": 8.770955425354435
        },
        "EXCH_ac_e": {
            "min": 0.0,
            "max": 8.770955425354394
        },
        "EXCH_for_e": {
            "min": 0.0,
            "max": 11.582877543126804
        },
        "EXCH_pyr_e": {
            "min": 0.0,
            "max": 6.6658311009332945
        },
        "EXCH_mal__L_e": {
            "min": 0.0,
            "max": 4.443887400621245
        },
        "EXCH_lac__L_e": {
            "min": 0.0,
            "max": 6.665831100933148
        }
    },
    "AVM052": {
        "EXCH_etoh_e": {
            "min": 0.0,
            "max": 9.164204936104662
        },
        "EXCH_ac_e": {
            "min": 0.0,
            "max": 9.16420493610467
        },
        "EXCH_for_e": {
            "min": 0.0,
            "max": 12.569431015950626
        },
        "EXCH_pyr_e": {
            "min": 0.0,
            "max": 7.913161102031877
        },
        "EXCH_mal__L_e": {
            "min": 0.0,
            "max": 5.140666105748469
        },
        "EXCH_lac__L_e": {
            "min": 0.0,
            "max": 7.91316110203179
        }
    },
    "AVM053": {
        "EXCH_etoh_e": {
            "min": 0.0,
            "max": 8.85686299635845
        },
        "EXCH_ac_e": {
            "min": 0.0,
            "max": 8.856862996358416
        },
        "EXCH_for_e": {
            "min": 0.0,
            "max": 11.892066538121785
        },
        "EXCH_pyr_e": {
            "min": 0.0,
            "max": 7.094435418343484
        },
        "EXCH_mal__L_e": {
            "min": 0.0,
            "max": 4.72962361222903
        },
        "EXCH_lac__L_e": {
            "min": 0.0,
            "max": 7.094435418343699
        }
    },
    "AVM056": {
        "EXCH_etoh_e": {
            "min": 0.0,
            "max": 5.1293313769004
        },
        "EXCH_ac_e": {
            "min": 3.5956699628499535,
            "max": 8.803620120069622
        },
        "EXCH_for_e": {
            "min": 0.0,
            "max": 9.65489346885472
        },
        "EXCH_pyr_e": {
            "min": 0.0,
            "max": 3.419554251266561
        },
        "EXCH_mal__L_e": {
            "min": 0.0,
            "max": 2.27970283417795
        },
        "EXCH_lac__L_e": {
            "min": 0.0,
            "max": 3.4195542512668013
        }
    },
    "AVM059": {
        "EXCH_etoh_e": {
            "min": 0.0,
            "max": 8.136770665507383
        },
        "EXCH_ac_e": {
            "min": 0.0,
            "max": 8.136770665507328
        },
        "EXCH_for_e": {
            "min": 0.0,
            "max": 11.068584480463294
        },
        "EXCH_pyr_e": {
            "min": 0.0,
            "max": 6.448789405379703
        },
        "EXCH_mal__L_e": {
            "min": 0.0,
            "max": 4.299192936919846
        },
        "EXCH_lac__L_e": {
            "min": 0.0,
            "max": 6.448789405379593
        }
    },
    "AVM060": {
        "EXCH_etoh_e": {
            "min": 0.0,
            "max": 9.241730297089218
        },
        "EXCH_ac_e": {
            "min": 0.0,
            "max": 9.241730297089216
        },
        "EXCH_for_e": {
            "min": 0.0,
            "max": 13.27978614648652
        },
        "EXCH_pyr_e": {
            "min": 0.0,
            "max": 9.018836216093865
        },
        "EXCH_mal__L_e": {
            "min": 0.0,
            "max": 5.543257931888009
        },
        "EXCH_lac__L_e": {
            "min": 0.0,
            "max": 9.018836216093709
        }
    },
    "AVM061": {
        "EXCH_etoh_e": {
            "min": 0.0,
            "max": 8.196473730585021
        },
        "EXCH_ac_e": {
            "min": 0.9961711779616458,
            "max": 9.2588461362424
        },
        "EXCH_for_e": {
            "min": 0.0,
            "max": 11.157439416569346
        },
        "EXCH_pyr_e": {
            "min": 0.0,
            "max": 5.464315820389965
        },
        "EXCH_mal__L_e": {
            "min": 0.0,
            "max": 3.642877213593255
        },
        "EXCH_lac__L_e": {
            "min": 0.0,
            "max": 5.464315820389964
        }
    },
    "LL1004": {
        "EXCH_etoh_e": {
            "min": 0.0,
            "max": 8.02006495377189
        },
        "EXCH_ac_e": {
            "min": 0.0,
            "max": 8.02006495377187
        },
        "EXCH_for_e": {
            "min": 0.0,
            "max": 10.698251977235843
        },
        "EXCH_pyr_e": {
            "min": 0.0,
            "max": 5.949365296744939
        },
        "EXCH_mal__L_e": {
            "min": 0.0,
            "max": 3.9662435311631916
        },
        "EXCH_lac__L_e": {
            "min": 0.0,
            "max": 5.949365296744912
        }
    }
}