{
    "AVM003": {
        "EXCH_etoh_e": {
            "min": 0.0,
            "max": 2.9486162401528393
        },
        "EXCH_ac_e": {
            "min": 0.0,
            "max": 2.948616240152836
        },
        "EXCH_for_e": {
            "min": 0.0,
            "max": 4.171280709863477
        },
        "EXCH_pyr_e": {
            "min": 0.0,
            "max": 2.6800137589555026
        },
        "EXCH_mal__L_e": {
            "min": 0.0,
            "max": 1.7195272463857747
        },
        "EXCH_lac__L_e": {
            "min": 0.0,
            "max": 2.680013758955492
        }
    },
    "AVM008": {
        "EXCH_etoh_e": {
            "min": 0.0,
            "max": 2.8475257055458494
        },
        "EXCH_ac_e": {
            "min": 0.0,
            "max": 2.8475257055458587
        },
        "EXCH_for_e": {
            "min": 0.0,
            "max": 3.9863589726368076
        },
        "EXCH_pyr_e": {
            "min": 0.0,
            "max": 2.473846438713447
        },
        "EXCH_mal__L_e": {
            "min": 0.0,
            "max": 1.6306536839884966
        },
        "EXCH_lac__L_e": {
            "min": 0.0,
            "max": 2.4738464387134362
        }
    },
    "AVM051": {
        "EXCH_etoh_e": {
            "min": 0.0,
            "max": 3.0022673437548284
        },
        "EXCH_ac_e": {
            "min": 0.0,
            "max": 3.002267343754823
        },
        "EXCH_for_e": {
            "min": 0.0,
            "max": 3.9647784429407427
        },
        "EXCH_pyr_e": {
            "min": 0.0,
            "max": 2.2816906554405807
        },
        "EXCH_mal__L_e": {
            "min": 0.0,
            "max": 1.5211271036270761
        },
        "EXCH_lac__L_e": {
            "min": 0.0,
            "max": 2.281690655440641
        }
    },
    "AVM052": {
        "EXCH_etoh_e": {
            "min": 0.0,
            "max": 3.1368752749113433
        },
        "EXCH_ac_e": {
            "min": 0.0,
            "max": 3.136875274911346
        },
        "EXCH_for_e": {
            "min": 0.0,
            "max": 4.302472243751335
        },
        "EXCH_pyr_e": {
            "min": 0.0,
            "max": 2.708647349161649
        },
        "EXCH_mal__L_e": {
            "min": 0.0,
            "max": 1.7596320156663274
        },
        "EXCH_lac__L_e": {
            "min": 0.0,
            "max": 2.708647349161677
        }
    },
    "AVM053": {
        "EXCH_etoh_e": {
            "min": 0.0,
            "max": 3.0316732046330044
        },
        "EXCH_ac_e": {
            "min": 0.0,
            "max": 3.0316732046329924
        },
        "EXCH_for_e": {
            "min": 0.0,
            "max": 4.070612753766178
        },
        "EXCH_pyr_e": {
            "min": 0.0,
            "max": 2.4284004131749763
        },
        "EXCH_mal__L_e": {
            "min": 0.0,
            "max": 1.6189336087833648
        },
        "EXCH_lac__L_e": {
            "min": 0.0,
            "max": 2.4284004131750865
        }
    },
    "AVM056": {
        "EXCH_etoh_e": {
            "min": 0.0,
            "max": 1.7557521776531846
        },
        "EXCH_ac_e": {
            "min": 1.2307852434386668,
            "max": 3.0134483544294057
        },
        "EXCH_for_e": {
            "min": 0.0,
            "max": 3.3048362422617283
        },
        "EXCH_pyr_e": {
            "min": 0.0,
            "max": 1.1705014517687633
        },
        "EXCH_mal__L_e": {
            "min": 0.0,
            "max": 0.7803343011791946
        },
        "EXCH_lac__L_e": {
            "min": 0.0,
            "max": 1.170501451768785
        }
    },
    "AVM059": {
        "EXCH_etoh_e": {
            "min": 0.0,
            "max": 2.7851881201058424
        },
        "EXCH_ac_e": {
            "min": 0.0,
            "max": 2.7851881201058237
        },
        "EXCH_for_e": {
            "min": 0.0,
            "max": 3.78873772761694
        },
        "EXCH_pyr_e": {
            "min": 0.0,
            "max": 2.207398042698482
        },
        "EXCH_mal__L_e": {
            "min": 0.0,
            "max": 1.4715986951323585
        },
        "EXCH_lac__L_e": {
            "min": 0.0,
            "max": 2.2073980426985846
        }
    },
    "AVM060": {
        "EXCH_etoh_e": {
            "min": 0.0,
            "max": 3.163411934637593
        },
        "EXCH_ac_e": {
            "min": 0.0,
            "max": 3.1634119346376077
        },
        "EXCH_for_e": {
            "min": 0.0,
            "max": 4.5456243186910665
        },
        "EXCH_pyr_e": {
            "min": 0.0,
            "max": 3.0871160708421788
        },
        "EXCH_mal__L_e": {
            "min": 0.0,
            "max": 1.8974377886826677
        },
        "EXCH_lac__L_e": {
            "min": 0.0,
            "max": 3.0871160708421805
        }
    },
    "AVM061": {
        "EXCH_etoh_e": {
            "min": 0.0,
            "max": 2.80562427032119
        },
        "EXCH_ac_e": {
            "min": 0.3409859076171478,
            "max": 3.1692706264742974
        },
        "EXCH_for_e": {
            "min": 0.0,
            "max": 3.819152461253715
        },
        "EXCH_pyr_e": {
            "min": 0.0,
            "max": 1.8704161802141155
        },
        "EXCH_mal__L_e": {
            "min": 0.0,
            "max": 1.24694412014272
        },
        "EXCH_lac__L_e": {
            "min": 0.0,
            "max": 1.8704161802141575
        }
    },
    "LL1004": {
        "EXCH_etoh_e": {
            "min": 0.0,
            "max": 2.7452401634487744
        },
        "EXCH_ac_e": {
            "min": 0.0,
            "max": 2.7452401634487678
        },
        "EXCH_for_e": {
            "min": 0.0,
            "max": 3.6619742079259017
        },
        "EXCH_pyr_e": {
            "min": 0.0,
            "max": 2.03644691829725
        },
        "EXCH_mal__L_e": {
            "min": 0.0,
            "max": 1.3576312788647988
        },
        "EXCH_lac__L_e": {
            "min": 0.0,
            "max": 2.036446918297241
        }
    }
}