{
    "AVM003": {
        "EXCH_etoh_e": {
            "min": 0.0,
            "max": 8.614216739443275
        },
        "EXCH_ac_e": {
            "min": 0.0,
            "max": 8.61421673944327
        },
        "EXCH_for_e": {
            "min": 0.0,
            "max": 12.186162317941722
        },
        "EXCH_pyr_e": {
            "min": 0.0,
            "max": 7.829509676422258
        },
        "EXCH_mal__L_e": {
            "min": 0.0,
            "max": 5.023502274740591
        },
        "EXCH_lac__L_e": {
            "min": 0.0,
            "max": 7.829509676422285
        }
    },
    "AVM008": {
        "EXCH_etoh_e": {
            "min": 0.0,
            "max": 8.318886420240508
        },
        "EXCH_ac_e": {
            "min": 0.0,
            "max": 8.31888642024051
        },
        "EXCH_for_e": {
            "min": 0.0,
            "max": 11.645923848583799
        },
        "EXCH_pyr_e": {
            "min": 0.0,
            "max": 7.22720342952199
        },
        "EXCH_mal__L_e": {
            "min": 0.0,
            "max": 4.763863153694239
        },
        "EXCH_lac__L_e": {
            "min": 0.0,
            "max": 7.227203429522723
        }
    },
    "AVM051": {
        "EXCH_etoh_e": {
            "min": 0.0,
            "max": 8.770955425354435
        },
        "EXCH_ac_e": {
            "min": 0.0,
            "max": 8.770955425354419
        },
        "EXCH_for_e": {
            "min": 0.0,
            "max": 11.582877543126354
        },
        "EXCH_pyr_e": {
            "min": 0.0,
            "max": 6.665831100933353
        },
        "EXCH_mal__L_e": {
            "min": 0.0,
            "max": 4.443887400622148
        },
        "EXCH_lac__L_e": {
            "min": 0.0,
            "max": 6.665831100933236
        }
    },
    "AVM052": {
        "EXCH_etoh_e": {
            "min": 0.0,
            "max": 9.164204936104662
        },
        "EXCH_ac_e": {
            "min": 0.0,
            "max": 9.16420493610467
        },
        "EXCH_for_e": {
            "min": 0.0,
            "max": 12.569431015950665
        },
        "EXCH_pyr_e": {
            "min": 0.0,
            "max": 7.913161102032036
        },
        "EXCH_mal__L_e": {
            "min": 0.0,
            "max": 5.140666105748412
        },
        "EXCH_lac__L_e": {
            "min": 0.0,
            "max": 7.913161102031958
        }
    },
    "AVM053": {
        "EXCH_etoh_e": {
            "min": 0.0,
            "max": 8.85686299635845
        },
        "EXCH_ac_e": {
            "min": 0.0,
            "max": 8.856862996358416
        },
        "EXCH_for_e": {
            "min": 0.0,
            "max": 11.892066538121785
        },
        "EXCH_pyr_e": {
            "min": 0.0,
            "max": 7.094435418343484
        },
        "EXCH_mal__L_e": {
            "min": 0.0,
            "max": 4.72962361222903
        },
        "EXCH_lac__L_e": {
            "min": 0.0,
            "max": 7.094435418343699
        }
    },
    "AVM056": {
        "EXCH_etoh_e": {
            "min": 0.0,
            "max": 5.1293313769004
        },
        "EXCH_ac_e": {
            "min": 3.5956699628499535,
            "max": 8.803620120069672
        },
        "EXCH_for_e": {
            "min": 0.0,
            "max": 9.65489346885472
        },
        "EXCH_pyr_e": {
            "min": 0.0,
            "max": 3.419554251266656
        },
        "EXCH_mal__L_e": {
            "min": 0.0,
            "max": 2.2797028341778542
        },
        "EXCH_lac__L_e": {
            "min": 0.0,
            "max": 3.419554251266788
        }
    },
    "AVM059": {
        "EXCH_etoh_e": {
            "min": 0.0,
            "max": 8.136770665507383
        },
        "EXCH_ac_e": {
            "min": 0.0,
            "max": 8.13677066550736
        },
        "EXCH_for_e": {
            "min": 0.0,
            "max": 11.068584480463256
        },
        "EXCH_pyr_e": {
            "min": 0.0,
            "max": 6.4487894053798085
        },
        "EXCH_mal__L_e": {
            "min": 0.0,
            "max": 4.29919293691969
        },
        "EXCH_lac__L_e": {
            "min": 0.0,
            "max": 6.448789405379527
        }
    },
    "AVM060": {
        "EXCH_etoh_e": {
            "min": 0.0,
            "max": 9.241730297089218
        },
        "EXCH_ac_e": {
            "min": 0.0,
            "max": 9.24173029708926
        },
        "EXCH_for_e": {
            "min": 0.0,
            "max": 13.279786146487256
        },
        "EXCH_pyr_e": {
            "min": 0.0,
            "max": 9.018836216093897
        },
        "EXCH_mal__L_e": {
            "min": 0.0,
            "max": 5.5432579318884985
        },
        "EXCH_lac__L_e": {
            "min": 0.0,
            "max": 9.018836216093902
        }
    },
    "AVM061": {
        "EXCH_etoh_e": {
            "min": 0.0,
            "max": 8.196473730585021
        },
        "EXCH_ac_e": {
            "min": 0.9961711779616458,
            "max": 9.25884613624242
        },
        "EXCH_for_e": {
            "min": 0.0,
            "max": 11.157439416569357
        },
        "EXCH_pyr_e": {
            "min": 0.0,
            "max": 5.464315820389914
        },
        "EXCH_mal__L_e": {
            "min": 0.0,
            "max": 3.64287721359331
        },
        "EXCH_lac__L_e": {
            "min": 0.0,
            "max": 5.464315820390058
        }
    },
    "LL1004": {
        "EXCH_etoh_e": {
            "min": 0.0,
            "max": 8.02006495377189
        },
        "EXCH_ac_e": {
            "min": 0.0,
            "max": 8.020064953771865
        },
        "EXCH_for_e": {
            "min": 0.0,
            "max": 10.698251977235858
        },
        "EXCH_pyr_e": {
            "min": 0.0,
            "max": 5.949365296747123
        },
        "EXCH_mal__L_e": {
            "min": 0.0,
            "max": 3.966243531163329
        },
        "EXCH_lac__L_e": {
            "min": 0.0,
            "max": 5.949365296744852
        }
    }
}